T,pH,RPM
36.95677290112662,7.191354819983424,299.1094731074587
37.21059511752966,7.193620585810856,288.02117268527235
37.09969550322032,7.186633126075142,298.2643305268384
37.034765436010254,7.211614886845336,309.30846949279317
37.1969909520396,7.205525358872192,294.09342718124145
36.69560128975368,7.21231710976056,310.4886466176324
37.01249705917102,7.194683835311461,304.254209763207
36.5639364105974,7.184386134142772,303.9229002607482
37.262021315613836,7.187968516367244,303.0127988695033
37.074464034798524,7.239116340435182,291.0942222860146
37.17047520627562,7.124273980413744,279.04043662224916
36.81793278154015,7.1542094976827,307.00809794445126
37.199279769883866,7.139046262935215,306.778891386784
36.6993391527273,7.195687807683186,297.64880177634774
37.03432595723827,7.240931815577189,305.10731032633953
37.10496553056076,7.2324974048903155,303.82793630120096
36.81190436043412,7.164131445309171,296.2402538069119
37.14979792014304,7.187494221450131,318.68603377984437
36.75421223734405,7.1450562700048925,306.14778812375755
37.42655499440304,7.225284634541963,306.6865387677414
37.42790349323265,7.195298626199185,288.61632853488817
36.84037703550439,7.247644787865829,288.45057275137367
37.01005939623618,7.212661867967103,297.4752626814906
37.21708959591043,7.229038987076328,318.57126813520586
37.18599033033194,7.169529827067847,295.50561926132775
36.7505256696274,7.247613677990791,295.4653373214904
36.97892176788982,7.237465130964484,294.21229607478875
36.91190261091469,7.107935686719804,291.3401710476903
36.829679076342444,7.220788049425834,309.5479461795464
36.99445995605089,7.21306821395999,301.34375494837786
37.325422334036084,7.2446677599369105,302.18954652326033
36.696716708966406,7.24516926571723,303.048377023646
37.368082464914266,7.198504670365939,315.6248073958708
36.89233709790345,7.279653020713153,300.9209517808579
36.84511929722635,7.14357760636038,298.7917555876893
37.42699630785015,7.240818724830737,305.511070914128
36.28723822807264,7.235548210228502,304.4468192873587
36.8350221146784,7.168630781690981,299.9815163854914
37.51746287894462,7.147244965028884,296.5775597221097
37.40853542510518,7.177692460028613,297.0859881931125
37.0293329041866,7.137935531168216,301.7595634412001
36.63711472090791,7.244259915517907,300.0254465820639
37.68502944005432,7.214042025676552,310.925515923462
36.60902080848479,7.193893032823907,302.58516523211284
37.52371627551131,7.115954203098952,307.9249574384706
37.17740620414477,7.276677309786907,305.69908414462975
37.01562135553119,7.173917517479092,290.01456225725826
37.05862682947089,7.190415161550234,316.16213870463713
36.81669255160455,7.216019592260256,287.44798864259417
36.88136122650214,7.213057394004555,306.59168010015605
37.43443050604843,7.1977925911835365,291.0620409675129
37.13735511984746,7.2258493549206895,303.93326674270617
36.78991369024758,7.2566692198793445,300.7031672872361
37.2099473865148,7.263703662004723,304.8741785645268
37.08595480839453,7.307639761755026,301.9496243277772
36.91121073016838,7.205598351879152,311.86214934749705
37.03561374606604,7.225968882756961,309.5658515226573
36.846142416931954,7.1136715115373175,302.39538521773153
37.06892043835719,7.16959949107196,306.96869104833934
37.18227021309537,7.150250378920029,304.1457475521696
36.94116851232923,7.125848736489636,303.62360186452776
36.986435611996185,7.1627358550405065,304.18356469517397
37.146427981657716,7.171123140802785,303.2028175242774
37.304519480857735,7.164366668215715,303.04712021921273
37.00082672514439,7.313300515532545,285.1015762337745
37.20858517942194,7.18468774901094,299.19841960936134
37.57047669291498,7.19957134243696,317.92754963020457
36.86735561037594,7.217525602067406,296.07321998660086
36.792793596214636,7.203124156322577,297.73942779720716
37.06074747519593,7.094748606613792,316.0197415088768
36.94990092736562,7.287145275311699,291.9431029911482
37.08776071141728,7.358247105073844,293.0421665351497
36.55141006806752,7.172674523233169,303.7799074185808
37.20800201201839,7.264518334401071,297.9439008128535
36.51932477214991,7.178248509776246,309.92178155841407
37.13969879595139,7.10215306073125,299.7195879064947
37.41945042739664,7.306327406847522,304.4934931102782
37.09279069383985,7.137989716600714,293.25405700825996
37.01407475725185,7.225159887040677,304.6414735289581
36.856537433459756,7.142402888578824,293.7777452712007
36.65290768172207,7.2321704591381994,281.5017511516347
36.90001659231715,7.22249391660506,312.1761017973195
37.02138990251529,7.250064196975706,296.80796742575126
36.77667880404037,7.166280348078127,312.21868625521466
37.298266343169324,7.224369896323131,326.64215090849416
36.99029758824216,7.23101748255144,302.4607324204681
36.93343429296275,7.315808567388576,312.0528384242969
36.58015610961383,7.18000768388574,303.4266923069463
37.23495496451262,7.132577646509331,281.9555073038256
36.428089909371465,7.196444426832939,299.1743745676826
37.103565812834354,7.161516261106048,290.2060985927515
36.3930864827262,7.216459367937372,302.9604316679022
37.29789810110671,7.2395397843989615,298.47427535250443
37.404778288826044,7.193181654423673,294.7133089094554
36.84382646700893,7.170759417764731,282.67410624399724
37.04689781589573,7.212494279588109,297.1018735129432
36.785847558974076,7.218590191217764,313.7349647003815
37.01147654575149,7.174618319639515,295.2684223806165
36.97907306855645,7.136761721447928,298.99791449441534
37.018354679301034,7.292233934388309,307.547790112907
37.31020877069496,7.164352572945038,305.35937234588994
36.658185257635026,7.215598034834544,303.34989808335087
36.77007717518133,7.299968990258074,304.5389893020053
36.429181509131645,7.22764299432979,296.7407054488799
37.00041286474489,7.22328823954571,303.1242613384923
36.38825459708961,7.142084012819321,306.18099326859675
37.390361274768786,7.295157644333125,314.42534590922486
36.383339018610855,7.238474106046823,284.6696783910792
37.484080218562596,7.212667470141103,290.8706496961837
37.602970284127345,7.232198543514544,284.87080888838824
37.088040435238185,7.163443004616731,300.8903638397619
36.86044161563339,7.268674694313433,288.6137088945314
37.09522155047843,7.290709417029999,293.38431760823784
37.06319460281747,7.210100082047504,294.48238248897127
37.19436808682958,7.204852514090495,292.449859961735
37.52860483146966,7.23958074982949,298.66314443981975
36.80899756976696,7.160781868889474,309.8475277804844
36.956056529637834,7.222971910193238,298.5243463928565
37.184922840945205,7.194201043493706,306.11083097981657
36.94503672705354,7.241479364855926,305.3790728747971
36.965017059801646,7.157011137978671,292.47904007564955
36.77777895395777,7.15077561783576,306.9263713700324
36.98601930624688,7.2785050488786265,318.2346386216411
37.00726674132167,7.122599139882832,296.94837174767775
36.97739547492507,7.12557788274236,297.9960537815756
37.086083892742565,7.177028607690131,293.85259261669717
36.77237297213116,7.289334186517971,298.7228313576185
36.75102096559493,7.181355080465244,307.63474966436297
36.79459358678723,7.224092365466592,305.8230795911976
37.22473534966029,7.269984733559832,295.59614416290873
37.3398198586546,7.160357320009432,296.8276809840062
37.35882615191811,7.241118770155559,300.01678040478726
36.64257585219104,7.2280829913546665,294.95701840413415
36.72283455153703,7.16759328727857,301.9719523192035
36.36369036837055,7.218038157660599,301.39127695767957
36.8246420792689,7.251846364672518,304.89152338954204
36.81811475636045,7.166499168911454,305.5612118036954
36.54517793217518,7.183368878512295,294.9516277802026
37.02096324539619,7.210556326119538,300.29430331971423
37.340454422865825,7.2114031517316,297.48006199026224
36.636743527732726,7.236092489842886,304.2251723668135
37.43524286346903,7.16262725832741,300.2113443206855
36.98239219072182,7.195619457037522,300.0831216906169
36.48563815291556,7.241249276701283,305.22564697065576
37.33914202025765,7.3124787183247175,297.44826245091383
36.989157047070606,7.200489178256167,315.53748360566766
36.480634083179524,7.22428839851037,288.2333490604125
36.225528765363045,7.098958360425604,288.94585155433305
37.32070763182621,7.156581979351712,298.18033872574864
36.65094617194603,7.230547523911238,291.1843078039935
37.39529565280155,7.150344729286636,293.881380496171
37.03682231362073,7.201235561041393,311.39752071002306
37.03612218642795,7.139608285581956,295.51731780722946
36.82816481698965,7.2362521110565625,303.0703440704977
36.96418269309636,7.243480361000169,295.77202866257386
36.95912987550637,7.209038020216664,312.2254502621182
36.970440045902926,7.182460054559264,291.6333036983017
37.205815654994936,7.170617731287648,302.7494801429432
36.42951703288308,7.252159347940751,289.34449785609115
36.76679729092738,7.252929056742632,289.3242341122049
36.97616348938803,7.203712804054025,292.0115454933373
37.402879900464995,7.274938915116221,284.2270599712404
36.565302910780446,7.24041161012465,289.57580691706147
36.883408793929895,7.206477604416691,305.53480065850687
36.933024221676604,7.204761045990102,293.78613666119617
37.38770847953017,7.175234307154911,302.71786310060804
36.84650857402503,7.205316174536722,298.6546951648003
36.951260748530466,7.149310957089475,306.3713023539043
37.424212725021476,7.212157404888972,305.8586821899817
37.251420364215576,7.246399289049534,302.42685401087294
37.06367718399472,7.24320036360104,300.5506586048223
36.70782448187052,7.201192417722797,284.8926768676845
36.99822992837347,7.2206686168148755,309.8878462105116
37.04538318321913,7.246406991059078,299.99569988646874
36.69295709618596,7.129431014114036,292.24212497490174
36.59015568440596,7.231685390525963,298.33908251441363
37.17109446700459,7.203671571491574,308.3523963577771
37.31805783726665,7.167733099611143,297.8054723124392
36.84015142396761,7.118934396212953,305.401737163207
37.356638436458084,7.199678580436291,296.054462252408
37.32727150866687,7.082751885549226,301.419801567483
37.04298519223009,7.171457147273727,311.132596246075
37.29122062571635,7.186942137615103,299.3064320795853
36.88359281093539,7.174394004567285,289.5344005850891
37.41398453610891,7.251400007514535,306.38533064911564
36.671699224067176,7.304042258231667,315.84132212445815
37.05641715070038,7.154788967393001,293.06855933164667
37.125564589326544,7.154349292986121,299.7263129259462
37.32659341293603,7.124658812815843,316.04582956476577
37.47001252269887,7.138145707518127,288.69086964602366
36.91497344393216,7.148442839984982,297.8902333847158
36.225644210377475,7.188564897239901,314.42285177263057
36.66502158977871,7.18634655815853,288.083126392473
37.191471257572594,7.188734040537643,315.52586447727384
37.06205183303182,7.181391001588067,304.4021799660463
36.84813161224357,7.133034591109038,302.41558215830884
36.94753936053745,7.208315752516944,303.00365866048054
36.84690409852166,7.221078818624623,313.9015725851457
36.66766014108245,7.2868712753617055,298.05757399208306
36.770012006245196,7.32136102855759,301.24017306500195
37.41112090137735,7.240879712045894,286.5552413996822
37.036245879595754,7.173734012016467,289.2656592400328
36.46848659010407,7.205114512186195,304.7220240863926
37.11720045557086,7.184708572241942,293.61186416313467
36.70394164551488,7.172241970277027,291.73555837503415
36.93901760461004,7.198855645801563,292.83209468044834
36.930384959670995,7.16198399807558,299.9642207579836
37.15212631238642,7.208906261697438,303.7772069959282
36.50439562671764,7.181065175071075,302.2139150138463
37.1923487378774,7.120099831862995,301.27342603054404
37.36192619455949,7.191069465209391,299.2419351081861
37.135137064607804,7.212355909197873,305.3970988020684
37.02172415922547,7.2076248035176365,293.74044450287175
36.94886864159137,7.262656101863433,298.3666419547256
36.94943071615561,7.175424831404024,306.29748705952574
36.74359627670117,7.245525109752602,292.5042128459163
36.68266566245701,7.210296973104706,301.04143575681445
37.089267190904174,7.25312685604447,296.7000322783975
37.132898077868184,7.154509136732541,310.07335223759105
37.189737599926005,7.226825938267662,301.5030279304783
36.76432016675828,7.183631421916631,304.01423569460013
36.994244764139154,7.20618723312358,289.12144394558635
37.054328193962874,7.165403630492955,291.3333075699818
36.953594383144136,7.107174787369369,305.58855992324874
37.25560386930737,7.197328195037665,292.0497426035848
36.71638935387583,7.192443847326588,280.61013015064356
37.054143034922305,7.233221601199004,297.5048412118731
36.85167928917712,7.209098362928433,302.80515253631916
37.32824552555977,7.200919833960658,294.48193878772923
36.861620486208295,7.209097287093004,312.44960299997547
36.90391800856369,7.1473736670299335,293.0391470389384
36.37109961813305,7.216489699884052,289.1094056857424
36.62994714171623,7.101199269292265,291.0560929633358
37.17052434308135,7.134432294168738,286.00286130611175
37.05347894019096,7.182941435553199,303.4575201081622
37.22216794147235,7.199575053473344,289.6179133889454
36.96286001163188,7.225012974007499,295.3360883435104
36.56876162568613,7.255130603043774,296.678018854524
36.877230996275564,7.20079811208656,308.24377886007403
37.07908592558699,7.183338700682148,305.457066762126
37.644107347842265,7.269389312905275,305.3829713654239
36.66331585604288,7.387602937153266,290.41074305062466
36.88845912894426,7.165005540288572,313.0151348921845
37.12607202264274,7.128643751857321,302.1406974180898
37.16407170035468,7.184075848822064,290.23848168548375
36.78248997461154,7.17815754904378,300.18185223152034
36.84402701509098,7.236761020212223,292.40042001557725
36.48058393944726,7.163030327806538,310.7911251710516
36.82805310785479,7.317040444389561,303.9318738750789
36.6506721807267,7.1582856901608425,301.9469797711505
36.64670682331457,7.31872893265158,292.0728737528542
37.204283036785206,7.273006494513007,299.12639674396263
36.70124166238555,7.18634668288627,302.89773117973925
37.26272562785846,7.202835846799813,288.79822059215314
37.012697171982914,7.166332091422375,282.53411330059674
36.79073194355087,7.128377466260604,304.6948352581481
37.583249426212326,7.29293768283802,295.41433004440967
36.85978168893302,7.234439099966192,308.4902848965829
36.874378424032095,7.192868203086421,317.65543479322315
36.96776454433383,7.175733927885443,300.95931187099967
37.17391070863896,7.148917907139071,298.0127775546382
36.65009181438445,7.186086822324971,315.0153962302408
37.222516653600366,7.195372837464067,292.53510379530906
36.90657761215625,7.25253666638726,295.50650551759463
37.43512619725604,7.1313181822369085,297.67962965371834
37.52282929998527,7.0996080615473165,309.50730525879857
36.44458687760787,7.1954960076467005,298.61972209271136
37.24728804721352,7.042272842693781,284.65752149718963
36.830195111909866,7.201844752013799,292.8542651643271
36.933739907034045,7.1406913416594735,296.7898162618257
36.745970155392946,7.212201065050687,304.6513588019415
37.429879018842115,7.167179072739187,297.4560654139814
37.01432362823271,7.1852540366454605,299.5840756231853
36.531346381291534,7.218587741178509,292.6784675175901
36.71291152960102,7.120593689804893,309.2880130452912
36.957817269610835,7.257474599119,302.1784134547852
36.48899172211122,7.145815178455257,306.06345579152486
36.77029518574269,7.145482797556251,298.5649669738217
36.946909851173125,7.149406630045335,297.3908379550923
36.85645219799911,7.070500518127053,304.0213082156245
36.75658751009397,7.265221971237929,290.79900611792436
36.52612048608359,7.2593811971993345,287.3195590736293
36.80914771918625,7.229866835924294,297.36283119956147
36.50335840932723,7.209401761730582,298.44541671063007
37.38515651922032,7.229432395200517,324.28571438489246
36.506231789206154,7.198916262335261,291.4667640717297
37.3464251502496,7.2410918988876745,306.0323026124085
36.766800413024384,7.162742421230822,283.762560898692
37.51285004257266,7.225410964714817,297.9131203958433
37.2800546030617,7.237545776831718,307.80211355789976
36.512938766624046,7.1643082028501635,301.56353584854037
37.10662634356302,7.247861743172468,291.93091559796375
37.038162740733334,7.3102676895988274,305.5353758208863
37.261168865232236,7.199040636486652,306.14101610415577
37.54119693600932,7.205332099363217,309.79182723861874
36.73745818650057,7.229504938331542,307.2337334015757
36.77439898622254,7.254906209927445,294.59802723173533
36.758428222738054,7.199940382444744,315.45591794381255
37.09274588592184,7.246789239102723,294.1456182295192
37.02324923672284,7.141172181500646,295.43114901328704
37.25069220063766,7.198080134704446,311.61037073715227
36.93927506763679,7.190103203626378,310.2134523818683
36.80541504831604,7.124011769707991,310.41021536630836
37.124256362782866,7.091740252621089,300.3562345709535
36.87886390024501,7.287241983005964,294.168068694253
36.825769583282934,7.1544799588263235,291.5675513067205
36.789851223793605,7.128203776275694,291.75042094982314
36.51802442900567,7.125136064044162,287.5225997498605
36.843652319721805,7.165815572720613,290.188236818866
37.14348126250586,7.197596205921521,296.5441923799297
36.860808016281965,7.279643978079792,301.91851286302
37.1426134980984,7.070698002806181,294.7701240847638
36.34869796479824,7.178689783640874,302.9864811707434
36.79771066987077,7.225930441512118,291.81800019955705
37.17274094426426,7.1223195334683105,297.90649398953366
37.12594215940715,7.226796039410872,298.9818930968719
37.581914280889166,7.17927900815089,296.3920340602454
36.172147760301606,7.288446691222502,297.048013670597
36.64719535128492,7.2660452223527745,309.88404898780533
37.03249768736982,7.128253921568564,303.3518084074277
36.8135824034671,7.141461410231788,308.34697893714815
36.36022237408414,7.228358162868353,303.6748407725613
37.615303240936804,7.216258691591497,283.5325480706901
36.74916370372878,7.2032333460652795,302.8445091488783
37.29424482290312,7.102016211896047,297.3604025023995
37.29095828383076,7.277198489777123,314.888190586501
36.882934246790654,7.254880262830321,313.69369873927036
37.359420857017845,7.236184263101602,306.62237542247215
36.76303470651951,7.127637511449278,307.86278342912016
36.895879957485164,7.19859332096408,295.370239584685
36.8821279474451,7.211637469734295,291.8251250064669
37.02055000357503,7.212302743761454,299.3811566336901
36.77691105770368,7.239330992675918,314.9810957119464
36.81962711205807,7.261723142531399,307.1141124742354
36.2040244845848,7.16194029500268,294.91327756331776
37.23453146523435,7.209424394051875,303.7951847157561
37.19088366036138,7.1550541642578835,294.0276003879918
36.63313331118601,7.191486470029652,299.0471743467049
37.051361598099895,7.1636346186954105,307.25219678514446
37.27513324478256,7.277325940433405,305.69046316317616
37.05565337154079,7.233621198642632,304.87801431402556
36.804455530028335,7.264469267085585,313.7481452173189
37.593085954122955,7.201761285452321,302.59416354638483
37.12490766715645,7.199872721839971,304.95431012971034
36.96364604475783,7.190310829812593,314.071857351893
37.04941463197056,7.203350510053868,307.05615421625964
37.045099888734796,7.214581112860463,299.49148658816796
36.63387505235341,7.198451414211136,290.90492190468046
37.063045367707254,7.140928089340029,307.33367305239943
37.22477042967965,7.214021412612681,299.19892897848473
37.124890383860496,7.101750083137093,291.2254408264133
36.955380021065814,7.217262971677129,299.3648338223772
36.69861695848471,7.2066723017310546,296.370396620249
36.679420886980864,7.216475100754194,298.32017434903184
37.35894495270894,7.233276603347717,305.87737067077177
37.09649998705182,7.157741101138617,292.5149828629732
36.55865257069267,7.343950624878181,291.36444168677843
36.93705044966336,7.181980541728164,297.7512190285754
36.82478484809607,7.106582757536467,292.01445010005443
36.582799140931826,7.193661020450321,294.5264047571856
36.79384592233192,7.21079396228242,295.33771936913394
37.27962824100155,7.180691010684553,301.80125382579206
36.602410984572195,7.232843651045097,296.7585328582458
37.12262742498709,7.216500258389057,298.6124547540325
37.06523173488848,7.180735178202361,310.76887800273005
37.28028665640531,7.224124713039938,290.55887667957325
36.670208303325765,7.166806921530915,298.0399796515656
37.1344047006968,7.155173107567735,309.41659257074855
37.001078447812255,7.09936091126493,296.19746309552596
36.224444414655466,7.1624135646553375,295.606977204376
36.816876959629035,7.183737322887133,296.84718548094247
36.821879693919605,7.275124845602342,309.7192179810595
36.65744780296305,7.2626949949256705,287.0290601449555
36.755616349084875,7.276259637295099,282.08357329532834
37.17243569887989,7.137325294172014,298.84799900157674
36.945939036789134,7.28486021058524,293.51517246813137
36.97929544502599,7.23135099077926,297.9857800682941
36.75337980197037,7.197040011007399,300.74809188686055
37.265216630172716,7.152847382719826,296.4069558920956
37.09688280685727,7.191641628133132,298.5177581521485
36.994899069002756,7.165208025588155,293.60247678693844
37.13221905358284,7.145244995360418,309.3230708096606
37.065191473958976,7.136172945421569,302.2642159657221
37.05018357972569,7.238108069189199,309.27079657476
36.890074265300605,7.164611864614676,295.15214764889924
36.705673471359724,7.162677921658443,302.27601950089075
37.004579743845646,7.175432149638354,294.0939535137407
37.10436588085344,7.174920049363907,291.6787460578154
36.95449754271816,7.186775320095252,291.4396696552265
37.248152906878424,7.242300621492735,300.3271494760842
37.03931211067271,7.226365404987329,299.7526202218913
37.2673876733928,7.282800424234974,300.6439443402091
37.13207602719309,7.243672583398069,297.29565754561054
36.661508644842435,7.24530004076731,287.4498851460299
37.53665100700662,7.2435216714191055,301.5015293560826
37.015328780172545,7.287567897405647,292.4301923458103
36.651941961902914,7.170093203764393,297.9056201274382
36.698059227881345,7.207693053678548,301.087559578742
36.75584285560365,7.280152632622178,288.863408480976
36.616983142403406,7.218806001585422,298.3401369260429
37.12531805647623,7.169051468953112,291.73328177585995
36.80633695787299,7.1658202346482,304.19996806667655
36.85601249380785,7.238071518874559,304.7046027664395
37.31217889969014,7.245035951441261,306.27482259165794
37.23095589070296,7.174165386523788,297.9049268660777
36.45096185924217,7.21458752809463,294.6098726920797
37.120463639305164,7.226374203929031,289.1832503632374
36.695848190201936,7.18253268321246,295.85919475494444
37.050106055240654,7.14222881166938,300.3774266572422
36.4934543374558,7.092244482025243,305.7333091167646
36.60840595326518,7.172004114619984,288.66109650519564
36.57733876297935,7.180057172015202,296.7189730137402
37.2947761397314,7.222475600545697,297.9110517013523
37.22730505919819,7.255827710900354,303.29038385501303
36.87810515865233,7.250930168830929,314.14817300884874
37.19816029561352,7.288533829520038,307.4127913333099
37.25465757493856,7.145490675754115,291.09160523222596
36.985154954600496,7.1165271153048195,295.2563694960762
37.26020121826037,7.166742229099011,304.2655281492462
36.594624731032035,7.175317949140695,308.18752343533856
37.06255373106559,7.2145141263588926,313.637790652757
37.389041050746386,7.1561571548401135,310.54318893202907
36.81542676320594,7.199120508364007,300.12170467575055
37.321912074062055,7.143536668078363,303.61488707233667
37.1572044638739,7.240575663641895,298.31691362138537
37.301023670011325,7.164422800702363,309.17646997414647
37.10567205040307,7.129995855039361,303.2633627067321
37.053791378133404,7.182217182777369,294.1099711517478
36.92794211295309,7.127892149340285,313.525755712673
36.66151635847959,7.166935844799665,309.15919238446855
37.175509253681675,7.236012268566113,312.1336676096005
36.9063571792979,7.1476752537980595,306.7541437539263
37.238883487070716,7.183655528932764,289.87536061331497
37.371745165473676,7.228792369408276,289.01220862652974
37.23398614495787,7.127951129745881,296.1389564694368
36.66300716479283,7.168108471385552,293.3335119601934
36.816006756148035,7.236213198102351,302.3567277364566
37.1886194806134,7.254617106177148,297.0183799633389
37.02396840497626,7.226907649891882,313.65390858079076
37.26972347601461,7.269077557771021,308.1517177956698
37.31717962524202,7.1107664917040525,307.0468735537877
37.06387745401564,7.202710718719768,295.78195889347785
36.8724177765158,7.220809036941351,306.719806108628
36.55066431852005,7.21090519103297,295.51450577082164
36.71475917010357,7.219631113763911,297.3702573448386
36.80228899579773,7.161541748179243,302.25039078926017
36.99698851772456,7.145417981152063,293.2720189619523
36.945248056106855,7.220257390506511,291.60228395123806
37.146431977878834,7.158799863769357,321.82195678959386
36.71769914135901,7.160493722985619,301.5520269988292
36.72928570985127,7.241381561530211,314.41133077405425
36.883714058767126,7.208638552060722,295.85792266973203
36.99999133270554,7.271586720925153,307.1539695816536
36.728732519948835,7.277295218260785,309.2964906319985
37.14591049562023,7.167039129184036,300.5256603178845
36.76136021773863,7.223380288483598,297.46823121341
36.32951139136586,7.2463101528138685,301.53162430146386
37.323544920740225,7.1931910133426875,301.50773295131603
37.33459784334601,7.219389853571437,302.3040138417426
37.96431729157277,7.191549990458952,301.3534859982273
37.52020861035212,7.159749614923576,291.6720215881182
36.57038025982525,7.226683122967267,305.0050459579754
37.22244629396648,7.132321995997665,308.0468732758551
37.35917976441802,7.195134433767116,300.2605317276483
37.20267873347866,7.21835717500715,305.1357573203465
36.67417418261049,7.19126888071368,290.30021312209016
37.189383085616875,7.226510823113836,299.20948007353564
37.0890397688231,7.122174182093452,306.86340211509713
36.85981867902344,7.206452550670787,308.9229577518287
36.773049817517546,7.259861675909064,300.9926024760957
37.008457046655366,7.227802278418155,290.02379534026574
37.17823185326833,7.203075472935263,308.2902157008395
36.93495789061141,7.1818341276609,302.9571052212538
36.98218966224275,7.141301566271937,298.44833816183103
37.38028900595626,7.195344813706666,293.03632031385814
37.214781101565094,7.1073278164862765,283.03786199499626
36.99875491114805,7.209046261543216,301.76319369301075
36.73216513264253,7.192475018993241,288.8101339852546
37.06586869320429,7.1192340572710116,298.8060580665664
37.07847379333989,7.112168715028807,295.8199765959125
37.23644387392452,7.277448394179532,287.96831769398705
37.10197553752946,7.138202531264228,289.23793598473304
37.478822149319306,7.233409111792487,293.5664456213692
37.06570830064897,7.232097316813191,301.4503412511347
37.67418362310983,7.23028895705692,276.05614703656926
36.91294007122987,7.163171189105384,298.3668257775488
37.00403976888974,7.167442853701582,291.32065915203196
37.40902164728281,7.229867099697429,294.6340851978987
37.203894896030214,7.233759028325362,310.1384596891708
36.68340600202744,7.2389940814677365,295.1376932439436
37.346513371407745,7.190377542265198,281.8257661388792
37.01060619210596,7.110791873899167,298.26280459244737
36.98254251093846,7.179934749209496,288.10464091761156
36.6652813278344,7.157770470033376,298.0151311118204
37.38654993397397,7.235454271518712,296.2224381320832
37.382163311619806,7.131596875644931,305.4801705365119
36.947429589939475,7.211816239532231,305.10769755636574
36.79612749501541,7.240057906694346,299.9255201101391
37.72353967062605,7.184786945739487,310.1533986922508
37.19412712779871,7.141293679177465,310.88497791387715
36.6818767589119,7.088400241480899,306.8265254880956
37.32068601558644,7.202601281553131,297.9118455046025
37.47510453984731,7.235593403689282,294.7530726101781
37.21945989389079,7.1378354185139905,295.5282564984172
36.68466099033972,7.089999130998082,290.5816596203562
37.36669837092402,7.145108906056903,295.5997437599744
36.65170789500371,7.243280360831204,300.0095795853381
37.14722358807045,7.194715660973426,290.63178426222504
36.707817161321884,7.241863297015063,299.5407464358631
37.232320506617015,7.0418702064746155,308.8808698855083
36.85180984319656,7.3086428623197826,295.91395933433455
37.008480661503846,7.233018881449875,292.99363871751905
37.26182137928918,7.167739204557234,310.3128247058089
37.23796187702046,7.224781832331302,294.20644657021546
36.93682864942338,7.214995580417985,283.7332580756495
36.834475211060145,7.246903675194572,289.85455382066897
37.38369349226746,7.168584240598165,302.5860587443239
36.65570084508753,7.2242189132214225,303.70182424660624
37.34091218728467,7.2677035051655405,310.0281895336239
37.062675695133365,7.138691794081855,310.5901206702482
36.60875957925821,7.178064508483213,305.8968688723281
37.13306730755051,7.279653269181238,299.9675725870818
36.49297930807027,7.186237079767939,301.39248391530424
36.894817291769435,7.270622677584503,298.01909910816227
36.56924581001683,7.223339473280919,290.8185182648084
37.50996770189828,7.21350471023835,288.7737248027995
37.32381754804871,7.318462327407913,283.9675515756996
37.27092205269128,7.224201379016976,301.40544237558794
37.10299852603811,7.224594283242107,294.45596131722283
37.42329695143533,7.132523791949098,315.6685069622385
37.458306164864396,7.1406932476695095,299.9567989519962
37.42595769614329,7.1754502783247585,298.70073164210174
36.879286780608155,7.258373640400283,295.138537975006
36.99705232164551,7.227010770093411,298.339186303781
36.74007054229623,7.132922569885901,287.8539484911542
36.64605872491643,7.113972522300644,294.18498569662154
37.09006444157757,7.202704768440785,293.38693535067773
36.694594313385124,7.150330571854082,288.89681581847196
36.629236726675074,7.235718078688616,288.7631079449986
37.005194754594626,7.169097307492492,319.4235558942225
36.46092159001762,7.209665042746286,297.32999524801807
36.76866089065602,7.215760647714608,301.24467693819616
36.67932845077713,7.221313867942131,303.1133486293521
37.392840916973334,7.169501439335629,311.7635555051644
36.940954792510794,7.101199382448869,304.1847664057962
36.97552293797099,7.155882452203182,307.465922750807
36.85851151472102,7.250844280385013,299.33839097909197
37.2250965207426,7.233973888057535,303.78534332411624
36.690386971248266,7.245985648858016,300.17409380022167
37.60067823209374,7.223933494164753,306.00900987219615
36.77053211334393,7.179692920720121,300.77374395463465
36.64885718744389,7.141486131504288,299.131337936799
36.97663864032118,7.210103744341431,308.9368330720328
36.87989879135568,7.234043785452814,298.84291730841636
36.94179642563873,7.212853402609395,283.45817382776335
37.0199070593522,7.168087126272953,292.56129168619015
36.43390257478834,7.177855445451647,284.98051142501544
37.261036947808485,7.188034634035848,286.54342579100665
36.797942537580795,7.2377476875996924,295.24093226547814
36.91563465814672,7.181540839291468,298.97379116311544
36.490069886964996,7.19772701610286,295.5352584303062
37.88613377924198,7.189349581002292,296.35500326207534
37.2965431021011,7.192198391524742,302.026737525982
36.73776521003866,7.277761403522315,294.97860259664645
37.11260508478581,7.256617876544112,297.5639606067891
36.999955285040535,7.229325668360654,305.4614553076992
36.6729706045034,7.209074161496067,292.4370477153381
36.776388938174634,7.167580441170797,309.7278228005783
37.478973200236304,7.330272629693983,299.54759665295876
36.74757793544918,7.151525911450491,312.8598463118758
36.53848654025345,7.18415157207584,295.47149563305754
37.52499858220184,7.149332795052103,308.8133066980781
37.39400592228906,7.191661498672845,303.7239623581159
36.538385700577734,7.195589609408694,298.2797835564936
36.22612520654444,7.220768848424272,302.8413313345294
36.49198718493954,7.129386208534529,294.00568683704347
36.841245465312284,7.184681705204755,292.3350061508284
36.69764286077591,7.215325662190041,296.1980156874964
36.96795981898678,7.188516006552681,303.6576024808475
36.95371753540507,7.243076973457371,300.82398822451614
37.266710289541116,7.262354111250256,288.3161963491075
37.27659853642479,7.289141107420031,292.21976697633755
36.99043878774981,7.182139795293676,303.5266714565569
37.15599756189431,7.166535219887974,310.5004521789512
36.74299575649372,7.193084052315052,308.1887382685298
37.58603136759084,7.17436723787598,306.2583568957409
37.06601251141466,7.120877817007667,292.3584939268471
36.63856876973929,7.1748341472397925,296.66569468676823
37.00838463812666,7.263884696568811,303.3798094437805
37.79591879681826,7.187828602917178,306.314023370896
37.1243235084083,7.275328334628931,296.97027155923024
37.25357735393747,7.281453637857468,294.2334972297319
36.9775385015144,7.2252153153084695,296.5217643956181
36.73742678009342,7.291636649793227,298.16279916471535
37.52022792747139,7.1745787341883025,298.3432886596315
37.23914174389216,7.18969904267438,292.80905485250867
36.784026644978546,7.213633617917131,294.671087854526
37.02642032606963,7.087135707446564,295.53502179408076
36.94590647296249,7.174367914726926,292.05130705466615
36.73494862606958,7.203526044537319,311.8964762048548
36.5804720978402,7.18618698950297,307.816396821486
37.10033735647515,7.195312130912463,296.39429917242785
37.00397856558514,7.1949467941609795,282.5083059076136
36.78526503061381,7.102520554020276,310.3284522157319
37.24679455196199,7.160588295401728,306.4390221164451
37.73459424763048,7.168846176947064,310.3942008552551
37.10875153502235,7.188165039006446,291.15271560021
36.83322248427833,7.180254374185602,281.4737949511434
37.15913856137591,7.18391343525829,303.67395373576204
36.87423183210445,7.349913637172973,286.7417229135192
36.72008216359383,7.235260272157594,318.8677419276012
36.7022743900661,7.29146074475017,292.6637647249949
37.38801013718346,7.203769727445255,317.83998832416626
37.534595580214564,7.167613866451393,323.485611720458
36.66275234155248,7.184318965370855,314.4632250999005
36.77956506828815,7.167932432236928,301.045043178442
37.13574600144991,7.219359115509899,294.03442118249154
37.059068054732776,7.231871270434554,312.03192476850927
37.09844814646349,7.13735102808755,300.22733997788407
36.81382192823557,7.265951545425529,286.5966200269712
37.167919941609306,7.146730184882385,310.176456989646
37.23134863712099,7.210966557096521,304.0395096945151
36.89893597636589,7.233788864623751,299.6029865419036
37.219361202053406,7.202928813782393,280.1504681175573
36.84590269478328,7.275874622546139,311.6203217250863
37.03136473615661,7.193698321094684,297.3180148904158
37.189168271260165,7.228951886217433,292.1672652882286
37.198495043358754,7.261644830550073,292.36108142891004
36.9439475997873,7.223178242011414,305.7820237395685
36.87383946999639,7.173566120550439,296.288917216096
37.115569785769964,7.221455955759524,299.84465964899056
36.59073281337228,7.1455006594040436,305.0945922682519
36.633673536067384,7.211317851899856,297.113619026391
36.819331448164384,7.20133492306827,313.41081672953135
37.08664497462006,7.185216713668716,288.21302725651276
37.15367152249938,7.256835167685128,304.85900837370497
37.34978623217199,7.223829908891876,289.573801527336
36.98651507174511,7.226243399171793,305.76809220374673
36.8520770679015,7.196831732715444,302.92695713825793
37.38138790503903,7.250261940089477,305.1705465645837
37.118866768805404,7.148735931660412,291.1923214748578
36.972443603624,7.252079169153791,303.1628273878531
37.16832878059498,7.1249222043974605,288.306769947949
37.33596514796049,7.198268078580287,289.4904969682853
37.26465022786508,7.212901808067047,323.61171419606194
37.37500013419948,7.217334866231524,298.79112351693175
37.069688652441066,7.194867391459469,288.4896262814276
37.278256635916165,7.2137428758747015,277.96234571895206
36.80934303245949,7.158562908044619,307.8471214613546
36.986783442969525,7.274370342728325,287.26784325041234
36.67726416505297,7.253354726336223,294.75822918946074
36.68241028251381,7.17366642986695,293.9214058225713
37.16179835418756,7.255908380557842,287.3046461509492
36.91276705174196,7.200712193987136,300.6575490765915
37.24997667089836,7.205992355307378,295.3615731441061
36.66643194371783,7.108764536431983,297.0311046204917
37.00432296248927,7.24608624405445,296.9778471076749
37.697111282276765,7.196176020697004,296.1332499247395
37.114178578564484,7.151472052268008,301.6712643307276
36.380770943504515,7.233804703795557,300.5334292474097
37.063171234763544,7.2077404379,289.8099514472523
36.730413581854336,7.278321245654439,303.9567806438312
36.82082101593352,7.2210540277283926,303.2616872056186
37.58634533900672,7.255517544293348,303.289349551821
36.86524442737107,7.289184495756833,299.18761078310905
36.73884642330947,7.138987675703986,293.10082769561524
36.890774426749886,7.238270074155816,307.3054833900716
37.34532093510562,7.20764883474926,306.6519402403353
37.67779467275106,7.245514471026034,312.82306059629025
36.5468084346725,7.162910052467674,293.99108035457425
36.19688972707656,7.2036839136340785,311.13959194249446
36.839404936337,7.209772111544197,293.16756642584244
36.85248170654094,7.2142654921259135,290.4337938249613
37.352209909328295,7.104062040341642,302.57787270469044
36.85255546818906,7.274457237252288,306.0947607354352
36.37475225760341,7.0788801696508905,291.9891487153036
36.84933208671527,7.19054965296704,300.2419632669141
37.202078805434255,7.131700464346128,285.59562678158323
37.0757384389015,7.181950949439078,299.173013341419
36.80745104606722,7.191339561789765,311.89205522895753
36.51301891146005,7.138723477580021,305.13281282014844
37.47022232997986,7.189717554633797,289.89827314001474
36.3996640164377,7.213027122337189,290.00516622918593
37.652673677691375,7.317080176795264,301.81041034571007
37.145638510479124,7.1941043628774395,309.13436528995544
36.99907885668156,7.2031678376302155,310.88322609843476
37.18785475592838,7.306549064195854,286.90536355274185
36.83332527457628,7.154804699244607,306.7342333546067
36.85192289418913,7.230116599389439,290.6480963670136
36.97169767188965,7.3148497719876575,313.1069457716741
36.436440419823775,7.218229323212346,306.610823367313
36.85197777828182,7.144880984766658,305.29590243585807
37.030247629020565,7.227627043429787,298.73558851873963
37.69934955474605,7.154307945950509,296.0320101011836
37.15446563701123,7.236587088182906,288.9702909538353
37.389193814131055,7.127094077759048,300.0511968003692
36.90789201082859,7.16461875945291,309.0660034369647
36.29588416471809,7.163460859384716,292.7778891924513
37.262469222044,7.277521065800679,306.20375018835847
37.41858550665285,7.088772289114377,301.3088009361914
36.585089981149615,7.181251730618826,301.9573731891109
37.02838738039685,7.268787689838727,284.170917277367
36.74927906506978,7.125968500731586,286.8896736233869
37.301733831440686,7.209120941902361,312.4529102755485
37.35556190129899,7.2034075123467645,292.2430689512593
37.297537537930346,7.165419846720276,290.40460947658994
36.654876967101735,7.20609285562337,310.12423877160995
37.01578264509348,7.261221426614543,300.7307365401272
36.87206536994223,7.336058686952242,314.56835623932585
37.05907209393144,7.15839026357279,287.12776438645744
37.12040728929232,7.187224413614542,303.73600649470546
37.096912366311685,7.221813809072116,309.1378209153406
37.0942659626169,7.163827798357705,293.83561152011873
37.174938059510616,7.146408652281421,305.7467375645702
37.2142580232156,7.197805825542189,293.74861378691355
36.46709838084537,7.143801751884347,286.9925600674402
37.00800132770108,7.177885623142057,292.63470770375795
37.261781641272485,7.206466394272678,300.3806954285241
37.16743503414468,7.251822622307011,287.17740809988186
37.21200395396723,7.109553160034773,293.64493167170093
37.30364367356983,7.23456112497378,305.31792716793854
37.05462547168323,7.270648827813301,287.6735937237517
36.90845340600553,7.20236745258009,316.28228126510567
37.30796497185258,7.251921383134094,293.9092358790635
37.67489846621398,7.223590417966773,291.95260456703386
37.703607789126096,7.128654589563872,293.05040198330215
36.9297996772753,7.150979013110886,304.217689570271
37.08302880579019,7.205675415840116,315.1504546535235
36.50980924978894,7.26831928841335,293.402785363399
37.438649170895744,7.29526069965932,318.4124243100584
36.94284571503388,7.141837026540161,302.62340878467137
36.98398942950146,7.111857530730267,305.8843599077125
36.72319660917993,7.2721004412120696,307.7213087707186
36.91559878238699,7.201808218098474,298.0594620859374
36.86278200948764,7.354915532849569,292.51042495001616
37.016601276550816,7.249573578524841,296.9252874839638
36.81143716364049,7.1335449476294945,309.536282662007
37.21360089848071,7.2234966806946845,287.9296329976437
37.15107485160364,7.214265220360626,297.2954897928396
36.586977761207805,7.1971658695870016,293.03326342895616
37.0240104326685,7.203167003166488,297.29473388951124
37.264607038970766,7.196697472192069,304.2326956487487
37.12552069953138,7.2504086573261874,292.28752243421224
36.8964085460606,7.246099725381922,301.22826268540155
37.33774157584638,7.237262139793334,296.4425593810375
37.26415328208309,7.187125713110486,307.65283596189454
37.55612932894432,7.254579725345573,318.3160073397167
36.53452541946728,7.17258125798038,297.869243298997
36.87991283757013,7.218622401976357,297.05513165695845
37.33183222742951,7.249238024245473,303.3077872888767
36.696336013722124,7.227368688956289,305.39432012527163
37.10616562908054,7.201500354590448,311.20267898427454
36.83548576579054,7.181665126405861,305.3364468892899
37.15923738942252,7.242629876265083,297.72791377987477
36.60558817692974,7.138120893123262,296.5386182792734
37.237727549764706,7.239613209157893,285.47271020180943
37.16016873155031,7.195638671480079,291.66315303671354
37.65723250941719,7.213197894317768,306.61932180524343
37.770257630781266,7.170944029805976,296.8256784536746
37.4467046977387,7.134616451265985,300.5917255703308
37.01386452602923,7.248509051884022,303.2431271424899
36.726046039697074,7.248612316320661,306.76119529948534
36.68469877113627,7.165609840290376,295.7935400255376
36.655197976578265,7.253233340139253,297.4092576700496
36.91665094484506,7.148112213448461,296.8436891515306
37.44548548893215,7.23741441285182,287.0608223365475
36.70308781421427,7.2317800507646615,296.01502318016105
36.83402813224251,7.156975392334077,289.3514469680123
37.02858681185978,7.180986404575273,309.12302296213085
36.97998761795956,7.1517414430986985,305.5504440087702
37.40384419483541,7.163213154285079,286.3793927649741
36.85631018560324,7.132504509325516,313.132942184736
36.58367663182372,7.1836152570945115,311.78817320360974
37.26136375834637,7.174316932969442,293.73548763858713
36.94555102922996,7.187992239872553,311.9711884310166
36.95360039370431,7.132501508346233,307.88618389289024
37.31095986765424,7.188660198589713,306.1770002759273
37.015373969315995,7.13966008346082,299.3514028917844
36.65659661306137,7.168292246233517,292.4888180163355
37.09985346195204,7.2093241850440535,289.44256513681233
36.7240434932856,7.199865397587676,303.7149433917313
37.02167234723154,7.0896602738314805,310.29523961049307
37.53169350680095,7.279189634322656,304.35283159934096
37.20159576590251,7.167290383058434,301.5086293468722
36.66081128460982,7.206088017335662,288.5624566464529
37.175560530603576,7.1822722014601235,306.13655078199963
37.05477212783408,7.177022032689026,306.7466077897395
36.647978589797454,7.186757380074809,295.69964592836317
37.223191726335315,7.196224236715252,302.16014996948485
37.15764130776532,7.082694226144227,292.5894547782742
37.03477898809514,7.250623794978543,304.5807020922834
37.39322985041796,7.188918806399466,300.8054436238855
36.85006030011879,7.178216387318504,293.3565051857186
36.83701582197041,7.190476588922098,294.78756752320254
37.007972469050344,7.1090682943377566,303.42347039910373
37.05323705236316,7.2223114392527865,296.29202453200105
36.847534087517914,7.249118046892518,298.7639701704895
37.59596481506267,7.129694115512616,298.02108139415583
36.6617879279311,7.160662770874468,293.68006708362407
36.855780316663115,7.239142105544391,290.8488476155926
37.1830035224978,7.127955612247489,296.7557946258094
37.39594281059514,7.223102139458167,302.17824268393736
37.18903177843688,7.228798750741899,305.02404514641984
37.421098910800346,7.148077281878994,299.43408612199715
37.191180662139516,7.237482114264902,304.46446328525593
37.391960973826194,7.174950237727009,289.2022384408903
37.38171607547579,7.199959847925808,295.61050879675736
37.0107278796385,7.178386189552163,308.04966380629054
37.267049967594154,7.215586642341075,304.3269567077378
37.0097822875721,7.251325447762255,281.09344328558495
36.649541463631635,7.198003473436653,296.6921808925659
36.71484533524643,7.23099842795613,292.1729305391219
37.06520838093791,7.206214485494821,300.4615757281166
36.75124456071079,7.190341720842588,309.8154955275576
37.16305700342135,7.248141935698967,299.35934414516976
36.48931506960691,7.176676591230891,298.79457647818725
37.39045244863936,7.256797693659642,303.3987612355211
36.743041704669885,7.206422360741968,297.9061480571092
36.92694752287737,7.138323894968571,303.7112372223465
36.9910471716479,7.240219090955567,288.30698905685676
36.661905477187105,7.382313617955529,292.95959896954673
37.086274834348956,7.221887755782038,292.14251569582353
37.51828213204886,7.196718994249888,301.19584032536824
37.54551590049401,7.160448953835862,296.09887217765066
36.8963461604406,7.131367679067206,302.20671574787207
37.14191617528166,7.209165997954676,305.2466428144181
37.25969622321218,7.21693514037554,298.06847130591746
37.36612499344705,7.165166806442239,311.1708603444164
36.94211308826872,7.238240138350742,314.6124158161871
36.32056071107694,7.190386981055317,296.7684131078527
37.51221595726175,7.179658879824434,321.8321560148558
36.54162912891813,7.217475277397466,296.9095850432825
37.151527100021916,7.171742815206529,296.39174485521005
36.45315158877512,7.205408683570673,288.0166238617196
36.6070993147129,7.204343503864866,299.02920672293595
37.30812697996791,7.1323435199599,303.3680962286636
37.09675004309176,7.18488144090737,293.5709163695147
36.97627227686111,7.244199295291629,297.0099540577787
37.254188504778774,7.186309591582733,313.7983645425746
37.00804105023216,7.191222881053307,287.1133763739817
36.571854462882385,7.219064513163703,298.18040131458895
37.08438298248274,7.165767905098732,298.7964945382445
36.812891559844864,7.21475993062054,298.2546873344763
37.5593954792971,7.165596142145917,308.9504780811285
36.68365211229656,7.17673339113148,293.267649037528
37.37789116955886,7.221849471319355,301.0973853367922
37.07033648858449,7.1457815824167605,311.2233040253021
37.416858664717395,7.198285011237069,300.10608540885494
37.194740665262685,7.191237285171004,298.39858795129436
36.852158659017235,7.182705463548234,296.1915189685289
37.21895589043547,7.183585160865065,296.5730838397792
36.81195327823681,7.125025164572202,312.4814538967414
37.15257881201343,7.24332503798029,295.7608199949346
37.43716017301028,7.207260140271912,311.6210919069594
36.995987957347566,7.197766763308957,295.77636380401196
37.02324607661309,7.211249204858028,311.9415717754758
37.461913874994494,7.2044973421023135,309.7523074321765
36.184704592545486,7.176485379093935,301.9976912237184
37.26613649161883,7.221155045766392,299.5515746475779
36.86155070797577,7.160011715090268,315.2156833825514
37.3366677340413,7.265388857359449,300.08484659219783
36.839659197777465,7.227734708994777,299.80302840837425
36.96157671187468,7.1987571856815205,294.936389864321
36.738575381628465,7.187879771974182,288.91662653977596
37.17947492998078,7.241927537740401,293.8436881233928
36.451771019053176,7.219678976365257,301.90745967110104
37.006152111178956,7.133278595464287,284.6580763084447
37.51346780919549,7.1891796019736605,304.035193206395
36.9787750651881,7.220677005261413,289.7738721864115
36.86628717197989,7.132231845564301,291.3027767791464
36.787294017890936,7.109672525419306,296.31040544470306
36.786733332209565,7.140689255032629,298.9372871744776
36.9965977949543,7.158151324193066,316.0957719148507
37.215462224104876,7.256082828695976,297.37293343175656
37.26807982691817,7.238278756968317,291.8519438336022
36.79533702047401,7.345761115793043,296.7102585491713
37.14605836009444,7.18926991899562,306.651177451208
36.70162440635321,7.149735380182692,309.07472488191485
37.059559728981334,7.076118956178037,300.1873148047218
36.945409688021336,7.2355334116939565,302.5684328518305
37.10265901487977,7.204373224575749,302.32375002527147
36.65421293628128,7.159255013935099,293.18151653292153
36.59765213766493,7.239412694405398,308.6206714265996
37.18419862359045,7.169938404552614,295.70297517770973
36.86803762290558,7.255644912661175,304.21302266127606
37.52167307703634,7.15152111714367,298.1949117248971
36.62179603155598,7.129137910946204,298.75792128909393
36.89928820338367,7.174359150712818,287.72220974268595
37.05903093750259,7.185806517900284,307.3189240733467
37.16515075633694,7.134412914864032,303.1655350072536
36.820339530451704,7.276625285323402,299.76329275288253
36.848945970366145,7.1796729417877225,287.9928224952991
37.38233701130551,7.305967742951632,286.16162488569785
36.92446211096345,7.194479766633079,295.24578408889624
37.3652609753919,7.262371955253821,298.03725138953183
37.62138465959366,7.201638540144969,298.0647668870098
37.083941085856154,7.162698355049552,311.6250636098656
37.18499087470578,7.182252700786903,298.5158503564093
36.727668357906126,7.213125467374031,289.6508963681144
37.000950983391824,7.174139729270992,304.53644676152624
37.31277048627744,7.239346904604804,299.0194353883843
36.78711286484432,7.185016893990962,299.8669373537856
37.146375615900794,7.171591263478093,292.2617659219054
37.05202800218699,7.2679401103747185,314.97859682149254
37.2379599345996,7.150486804968746,311.26874456634044
36.7463019387653,7.161471402839683,303.4208856825216
36.5859024168302,7.2400840092928505,299.57096623679297
37.11973686087992,7.158828542475672,306.7714188658087
37.15393708473856,7.181833580040376,307.562250235105
36.20191417745601,7.2181155755832425,299.13969866663217
36.76150033729209,7.208860471636752,303.99840619278274
36.77891128499108,7.194023674748903,299.66864072702833
37.11786747515514,7.261338730852575,296.2884007804257
37.395075362013905,7.13478890247972,302.40621677742854
36.48411738771958,7.203588850831416,305.7780342098262
37.60689077604204,7.2024678349191875,294.01348130494716
37.30794879080275,7.202057861841115,300.78670288106565
37.275105341052985,7.254637507099073,286.14296751035647
37.01546499667373,7.19918021441436,291.44344013582133
36.5128300890768,7.196657690445521,296.2901426365039
36.7825905722965,7.193131584870668,297.191806529591
37.00527862757994,7.278839551081903,299.75896801150157
37.56411108141823,7.262204933467463,307.7406637662142
36.78144870485902,7.185328243107543,292.6422026976501
37.12476247378927,7.196646941402079,303.5335851416226
37.090757342962426,7.208392348382637,297.1447284783229
36.70810251878719,7.177915739329654,305.7329296234319
36.95083525679309,7.196998758287983,306.9424879979539
37.146272898739426,7.126259607966529,299.35669639925334
36.73861162144294,7.197290842087832,303.1221691739088
37.15282445159566,7.283189229813839,295.9934649166583
36.9115169308882,7.22870139963071,307.6958884316738
36.69057274867197,7.234335857343144,305.32383163952534
36.95489300362995,7.185944906214777,305.86118276099995
37.12815101657586,7.220035149631715,294.14565533058266
36.48330902566514,7.195299839696594,297.83120893296524
37.137444460964055,7.161774351391641,305.07757600914897
37.12288272396887,7.162993538339422,307.56023155342325
36.89712505267119,7.165176541396227,302.0069370153144
36.9955861717504,7.154747330741085,304.9611139635106
36.997253586436614,7.162089335822546,285.96827320784934
37.127925213687924,7.204951190119358,300.9550623307263
37.41304734276933,7.075469258388818,310.15365852275835
37.4091396883526,7.150996205167333,308.1173978150813
36.756411966984345,7.147874709544082,299.18883562293365
37.548295383256395,7.2180833708581105,300.398811259245
37.26570348646009,7.168875114981492,311.98011652702513
37.47118617868906,7.221460518943769,293.6938608482266
37.321604642615426,7.21473460166388,305.14931427629193
37.34097010260632,7.221821738404414,292.77969973519856
37.44709637633959,7.213963644168399,302.59325966180756
37.184528509715946,7.215586649501107,305.98358662631443
37.05923760276239,7.191120526894472,295.59853532605325
36.84660239900888,7.1855916149384145,307.9155119773278
36.898932097769745,7.194446145488519,299.1915028851327
37.160160293847035,7.232449051668138,315.7955656262188
36.58208100005218,7.188602518189086,304.5841818387937
36.49446340867456,7.287067023611973,299.0711328137463
36.76180061951725,7.2485377324296865,282.41593913436634
37.06367192921023,7.150425055426231,299.88071553205117
37.112217346619076,7.23962660584828,303.29062217991316
37.625916760470616,7.203098857981492,297.2645790020008
37.36783551265901,7.196734813674446,303.3457150456871
35.81881762211546,7.2226621579691175,299.4018578408452
36.86952976209804,7.167182691802449,307.22521097107114
36.387499518690134,7.357458213152967,309.2329659331568
37.11094074864254,7.29501870690328,302.1972442186633
36.73150945718734,7.25135403350946,286.9117016972311
37.18001962955351,7.25990504826354,304.2797269020953
36.56463844460737,7.210255908399998,299.0152987226777
36.77733667666512,7.084401062787891,290.51600692311763
36.84977984514,7.256277673929723,322.0252392830935
37.257036864564775,7.160587053354429,296.6316998383598
37.32465609921035,7.230689529137511,303.12733701099995
37.07142769766006,7.259964600385952,317.887558864112
37.002880720366946,7.20793898883775,304.03535436766106
36.86135283798947,7.090368599196403,303.9498453584176
36.77992627595922,7.2658301556553,301.45942224106483
37.4492272670688,7.1571220558102375,309.04952648317135
36.510510691608594,7.246883291579942,298.1020327625633
37.28122948677133,7.182094318935252,305.45971944256985
37.150790270005494,7.219157751348428,303.54143188041945
37.50413076864777,7.171935075721359,311.2272973049669
36.89376448476885,7.260347469901021,318.7177611878442
36.76050344686005,7.092198359549781,301.30980613784595
36.79249313946406,7.173675964776627,297.36589177234544
36.839863450835416,7.27155018698698,309.0031353944877
37.34773077053287,7.3156067539242144,293.8338280634004
36.250965562997465,7.301177445627754,302.00378334298205
36.98329496023175,7.10985426179425,289.18643534898683
37.20757089861518,7.19284287140822,282.7770369851503
36.71785587604082,7.2524565824637,310.2293720908276
37.06424714404072,7.341699848861862,308.2137988321096
37.5430795330642,7.2666646823994965,306.64990646286293
36.598239485555425,7.119982023954155,294.06920278519647
37.07750713884558,7.200054048306267,302.9976355744347
36.99400063056189,7.2238880702223005,307.9003903575161
37.00238490777028,7.185600749256776,279.0296499528661
37.261665031870166,7.161333156203726,292.726858797009
37.2603062141755,7.245922107966637,305.43972633035696
